"Label","InputSize","Iterations","Result","Error","Time","Space"
"One Pass F2",0,1,1.636167499901491e15,7.218162339208988e8,3077.513699038,1.41226680995e11
