"Label","InputSize","Iterations","Result","Error","Time","Space"
"One Pass F2",894069091,3,1.636167499901491e15,7.218162339208988e8,9922.10603004,1.28529860837e11
