"Label","InputSize","Result","Time","Space","Variables"
"ams",894069091,4.951354625958e11,10639.195374834,176712482183,10000
