"Label","InputSize","Iterations","Result","Error","Time","Space"
"One Pass F0",894069091,3,1.00721785e8,1.00721785e8,9544.067415526333,1.2772351729966667e11
