"Label","InputSize","Result","Time","Space","Variables"
"ams",894069091,9.350472576708334e11,1528.591458359,167981608699,1000
